0.93297,3.744,0.84247,1.7529,10.724,1.636,1.3298,4.56,1.1275,0.076914,3.1323,0.077509,3.1255,0.078697,3.1329,-5.9804e-05,0.0022296
2.1296,8.427,1.865,3.3427,14.302,3.15,1.9706,7.41,1.6836,0.085411,3.2752,0.085716,3.236,0.087895,3.2774,0.038556,0.012941
3.2085,11.534,2.6721,5.3579,20.826,4.816,3.2554,11.815,2.6897,0.095767,3.2627,0.094333,3.1945,0.098742,3.2432,0.066571,0.019153
3.6587,11.788,2.9926,6.1656,24.148,5.5325,3.7204,12.852,3.1213,0.09904,3.192,0.097245,3.143,0.10226,3.1314,0.080003,0.02286
4.1104,12.555,2.9798,6.2097,24.337,5.7474,3.4897,11.704,3.2947,0.085091,3.303,0.084096,3.2531,0.092056,3.1694,0.089196,0.024688
4.1847,14.291,2.9871,6.3416,26.583,5.897,3.6802,12.352,3.4818,0.083332,3.4261,0.08245,3.256,0.088897,3.2843,0.095283,0.028013
4.2658,13.014,3.0158,6.4902,27.215,6.0129,3.8708,13.221,3.655,0.083839,3.4423,0.083014,3.3246,0.08955,3.3297,0.10295,0.027359
4.2935,13.322,2.9762,6.5906,26.872,6.085,3.9843,14.355,3.7446,0.085963,3.465,0.084711,3.3429,0.090196,3.3381,0.11155,0.030671
3.9504,10.615,2.8735,6.3904,26.321,5.8612,4.1961,14.216,3.6878,0.08094,3.2148,0.077906,3.1403,0.084969,3.0269,0.11505,0.032368
3.9271,10.99,2.8618,6.4157,25.764,5.8979,4.2311,14.509,3.7312,0.0788,3.2153,0.076403,3.0927,0.083085,3.044,0.11726,0.033072
4.0437,11.397,2.9471,6.581,26.906,6.031,4.3889,16.056,3.8634,0.077348,3.2677,0.075509,3.102,0.082413,3.1256,0.12444,0.034852
4.143,11.099,2.9981,6.7737,28.727,6.1908,4.582,15.916,4.0243,0.078729,3.3109,0.076312,3.1685,0.083213,3.1676,0.12782,0.036289
5.7417,15.72,3.1641,6.8349,28.185,6.351,3.9866,12.799,3.7895,0.080689,3.1463,0.076869,3.0235,0.084436,3.0202,0.1276,0.035576
6.8737,16.622,3.3054,7.1028,30.026,6.6247,4.279,15.652,4.0976,0.080143,3.1912,0.076104,3.0124,0.083466,3.0003,0.14246,0.037753
7.9071,18.316,3.3341,7.192,31.007,6.6923,4.4723,15.394,4.2759,0.081437,3.1707,0.077225,3.0157,0.08554,3.0124,0.14468,0.042652
8.8977,19.033,3.2968,7.1991,30.47,6.6661,4.5747,16.286,4.3598,0.081631,3.1554,0.077018,3.012,0.084847,3.0171,0.14293,0.043142
9.9356,20.121,3.353,7.288,31.863,6.7478,4.6975,15.717,4.4697,0.082395,3.168,0.077433,3.0281,0.085456,3.0127,0.14004,0.042462
10.921,22.009,3.3506,7.281,30.57,6.7327,4.7463,16.716,4.5035,0.081939,3.1747,0.077057,3.0317,0.085492,3.0191,0.13722,0.038339
11.923,22.748,3.3615,7.268,31.434,6.7077,4.8073,17.085,4.551,0.081593,3.1605,0.076882,3.0292,0.085593,3.0073,0.1364,0.04022
12.935,23.477,3.3874,7.3503,31.719,6.7791,4.9438,16.812,4.6705,0.081194,3.1879,0.076694,3.0369,0.085219,3.0284,0.13192,0.03605
4.3125,11.727,3.0075,6.3742,25.453,5.84,3.985,14.134,3.9619,0.088131,3.1402,0.084228,3.1297,0.092174,3.0723,0.11581,0.031828
4.7676,12.547,3.2345,6.8073,28.56,6.2961,4.4168,15.475,4.3916,0.088098,3.184,0.084044,3.1191,0.092238,3.0776,0.12977,0.035201
4.879,13.062,3.2628,6.9142,28.201,6.3646,4.565,16.263,4.5321,0.08853,3.1901,0.084579,3.136,0.09356,3.0878,0.12454,0.033809
5.0265,13.397,3.3135,6.9587,31.635,6.3744,4.676,16.411,4.6328,0.087702,3.1794,0.083087,3.138,0.092237,3.0914,0.12195,0.033433
5.1955,13.286,3.3637,7.0552,29.266,6.4419,4.8646,17.198,4.8087,0.087444,3.1831,0.082711,3.1129,0.092322,3.0741,0.11987,0.032787
5.3301,13.976,3.4031,7.1654,31.022,6.5168,5.0573,17.306,4.9904,0.087631,3.2057,0.082774,3.1095,0.092545,3.0886,0.11973,0.031183
5.3523,14.002,3.3698,7.2079,31.582,6.5676,5.0196,16.822,4.9455,0.087258,3.244,0.082365,3.1313,0.092279,3.1234,0.12059,0.033045
5.4247,14.14,3.3779,7.2259,32.005,6.5718,5.1029,18.257,5.0202,0.087729,3.2608,0.083053,3.1443,0.092971,3.1222,0.11786,0.0305
5.5216,13.829,3.38,7.2541,30.873,6.5821,5.1668,17.72,5.0737,0.088166,3.2707,0.083587,3.1914,0.094044,3.1492,0.11708,0.028343
5.6281,14.802,3.4049,7.3396,30.702,6.641,5.3036,18.611,5.1972,0.089312,3.3023,0.084223,3.2163,0.095035,3.1463,0.11594,0.029634
5.7086,14.646,3.421,7.3399,31.433,6.6266,5.3392,17.915,5.2198,0.089694,3.2807,0.084909,3.2218,0.095492,3.1308,0.11791,0.032011
5.7206,14.369,3.3776,7.3483,31.203,6.635,5.3252,18.212,5.2015,0.090499,3.2884,0.085713,3.212,0.096281,3.143,0.11509,0.029279
5.7718,16.372,3.9199,8.3158,36.051,7.5827,6.8092,22.528,5.9568,0.082355,3.274,0.077183,3.146,0.095274,3.1576,0.14495,0.036915
5.3352,15.592,3.6453,7.7036,35.112,7.1033,6.3916,21.88,5.5894,0.081218,3.3887,0.076608,3.2419,0.091871,3.2209,0.13446,0.032654
5.2827,14.918,3.6156,7.6499,34.222,7.0287,6.3601,22.973,5.5269,0.083678,3.2521,0.079829,3.1544,0.095285,3.1148,0.12562,0.032886
5.3669,14.562,3.6806,7.5961,35.634,6.9518,6.4979,21.394,5.6344,0.083262,3.1995,0.079241,3.0856,0.094611,3.0029,0.11882,0.030613
5.4642,15.084,3.73,7.6966,34.044,7.0201,6.6615,21.08,5.7752,0.082175,3.201,0.07763,3.0806,0.093384,3.0287,0.11912,0.03019
5.4517,14.894,3.7091,7.7337,35.294,7.0426,6.6825,23.029,5.7626,0.082094,3.2682,0.077575,3.1022,0.093497,3.0947,0.11588,0.029235
5.5069,15.055,3.7292,7.7868,35.386,7.0613,6.7776,23.156,5.8241,0.084368,3.3218,0.080239,3.1645,0.095946,3.1498,0.11464,0.02816
5.524,14.972,3.7298,7.781,34.746,7.0468,6.864,23.671,5.8871,0.087218,3.202,0.083136,3.1162,0.098417,3.0508,0.11495,0.029774
5.5868,14.746,3.7432,7.86,34.726,7.0914,7.0157,24.505,6.0066,0.087463,3.1673,0.083097,3.0513,0.098961,2.9963,0.11397,0.029981
5.6097,14.869,3.7394,7.8866,34.964,7.0877,7.0536,23.079,6.0107,0.08439,3.1711,0.079776,3.0486,0.096199,2.9991,0.11456,0.031074
5.6576,15.57,3.7677,7.9257,37.353,7.1267,7.1467,24.484,6.0834,0.083519,3.2748,0.078525,3.0945,0.095593,3.0899,0.11269,0.02853
5.7455,14.977,3.8144,7.9909,35.513,7.1619,7.3032,23.931,6.2146,0.086354,3.3396,0.081508,3.1815,0.098478,3.1383,0.11309,0.027819
5.7887,15.865,3.8093,8.0008,36.15,7.1351,7.3524,23.708,6.2262,0.089563,3.2332,0.085207,3.1293,0.10166,3.0623,0.11402,0.029077
5.8211,15.332,3.8221,8.042,36.821,7.1702,7.4392,24.239,6.2851,0.086583,3.1973,0.081533,3.0913,0.098878,3.0085,0.11236,0.028665
5.8985,15.267,3.8531,8.1511,38.742,7.2441,7.59,24.49,6.4106,0.087036,3.1671,0.082084,3.0756,0.099608,3.0071,0.11356,0.028929
5.9116,15.648,3.8582,8.1246,36.702,7.1819,7.6423,24.333,6.4277,0.087612,3.2385,0.082904,3.0684,0.10048,3.0792,0.11305,0.028618
5.9468,14.855,3.8512,8.1674,35.139,7.21,7.7268,24.109,6.4834,0.089455,3.3156,0.084692,3.164,0.10214,3.1285,0.11446,0.028174
5.9744,14.823,3.856,8.1675,37.348,7.1822,7.7794,25.843,6.5065,0.090663,3.2467,0.085867,3.1033,0.10342,3.0758,0.11241,0.027853
6.0418,15.005,3.8799,8.2552,36.721,7.2366,7.9114,25.312,6.6048,0.089794,3.1187,0.085091,3.043,0.10266,2.9781,0.11433,0.029427
6.0528,15.462,3.8703,8.2852,37.518,7.2424,7.9807,26.332,6.6437,0.086495,3.1707,0.081485,3.0718,0.099604,3.0262,0.11212,0.030343
6.1029,15.283,3.8766,8.3605,38.399,7.2779,8.0639,26.567,6.6858,0.085538,3.2746,0.080437,3.1268,0.099503,3.0756,0.11268,0.027526
6.1861,15.428,3.9274,8.3878,38.22,7.2832,8.2395,26.447,6.8397,0.088939,3.3254,0.083918,3.1713,0.10274,3.1039,0.11259,0.028359
6.2311,16.188,3.9503,8.415,37.691,7.2811,8.2814,26.676,6.8494,0.091806,3.227,0.08668,3.0926,0.10514,3.0425,0.11318,0.028952
6.2142,15.463,3.9247,8.4024,37.242,7.2439,8.317,26.868,6.8544,0.090032,3.1414,0.085212,3.055,0.10364,2.9972,0.11122,0.030222
6.2936,15.98,3.951,8.5009,39.488,7.3095,8.4653,26.587,6.971,0.087439,3.1816,0.082438,3.0666,0.10193,3.0095,0.11108,0.029223
6.3011,15.512,3.9575,8.4891,37.59,7.2781,8.476,26.023,6.9462,0.087038,3.2862,0.081664,3.1156,0.10143,3.0857,0.11105,0.029777
6.3736,15.887,3.9962,8.5302,38.786,7.2901,8.5864,26.635,7.0201,0.090117,3.3181,0.084961,3.1558,0.10475,3.1031,0.11206,0.030071
6.415,15.96,3.9994,8.559,39.171,7.2787,8.7163,27.575,7.1176,0.09198,3.1912,0.08707,3.0767,0.10622,3.023,0.11134,0.030222
6.5315,15.589,4.0808,8.6722,39.183,7.3515,8.8462,27.751,7.2194,0.09096,3.1486,0.085744,3.0544,0.10551,2.9879,0.11208,0.029252
6.5129,16.027,4.0677,8.6527,40.782,7.3138,8.8508,29.553,7.1972,0.088309,3.1706,0.083049,3.0696,0.10311,3.0096,0.11032,0.029451
6.5644,15.283,4.0817,8.6557,39.321,7.2934,8.9408,27.398,7.2659,0.088577,3.2799,0.082792,3.0997,0.10378,3.0789,0.11028,0.029707
6.5902,16.295,4.0921,8.657,39.319,7.2672,8.9785,27.574,7.2661,0.090676,3.3022,0.085396,3.1406,0.10557,3.1049,0.1103,0.030044
6.2978,15.146,3.7795,7.8822,36.257,7.0304,7.8083,24.934,7.1757,0.091546,3.1038,0.086338,3.0319,0.1044,3.0363,0.12601,0.037454
6.3781,14.487,3.7874,7.8667,35.859,7.0215,8.0483,26.004,7.4116,0.091196,3.2131,0.085942,3.0267,0.10422,3.0305,0.12138,0.038582
6.4014,14.341,3.8129,7.8269,36.356,6.9774,8.0931,25.773,7.4349,0.092508,3.2415,0.08744,3.0753,0.10569,3.0733,0.11602,0.035763
6.4012,14.801,3.816,7.8266,36.007,6.9578,8.1092,26.928,7.4267,0.094478,3.2072,0.089344,3.0805,0.10725,3.0784,0.11094,0.03211
6.4875,15.074,3.8513,7.9043,36.605,7.0098,8.2305,26.205,7.5187,0.095483,3.1308,0.090477,3.0239,0.10821,3.0131,0.11018,0.03038
6.5457,14.828,3.9048,7.9785,35.484,7.0433,8.3427,28.02,7.6004,0.096065,3.0841,0.090842,3.0086,0.10864,2.9728,0.10976,0.031028
6.632,15.784,3.971,8.0467,37.102,7.0959,8.4541,25.633,7.6812,0.094436,3.0584,0.089326,3.0075,0.10755,2.9934,0.10808,0.03025
6.6828,15.506,3.995,8.0836,39.563,7.0978,8.5684,28.859,7.7739,0.092993,3.131,0.087491,3.0318,0.10646,3.0338,0.10847,0.032218
6.7675,15.695,4.0369,8.1658,36.897,7.1431,8.6824,27.52,7.8583,0.092289,3.1691,0.086888,3.0453,0.10628,3.0581,0.10892,0.031645
6.8127,16.19,4.0731,8.1841,37.349,7.1415,8.7668,26.878,7.9158,0.092898,3.2249,0.087847,3.0773,0.10694,3.0716,0.10768,0.032781
6.9006,16.2,4.1412,8.2459,37.272,7.1681,8.8855,27.441,8.0062,0.090443,3.4524,0.085155,3.2451,0.10517,3.1582,0.10875,0.032757
6.9464,16.074,4.1652,8.2706,38.315,7.1656,9.0123,27.641,8.1047,0.087421,3.2763,0.081592,3.1086,0.10269,3.0597,0.10732,0.032928
7.0564,16.526,4.2309,8.3171,38.467,7.1674,9.1001,28.167,8.1618,0.087394,3.1661,0.081668,3.0742,0.10297,3.0199,0.10952,0.033283
7.0756,17.004,4.2477,8.3195,38.145,7.1508,9.1412,29.899,8.178,0.085658,3.1969,0.07991,3.1292,0.10137,3.0373,0.10818,0.033214
7.137,17.433,4.2837,8.4017,39.025,7.2072,9.2373,28.016,8.2443,0.083575,3.2836,0.077518,3.1381,0.099792,3.0724,0.10726,0.032257
7.2021,16.882,4.3469,8.442,37.502,7.2144,9.3359,27.539,8.3218,0.083904,3.3996,0.077855,3.168,0.10054,3.1253,0.1086,0.034161
7.279,16.862,4.3903,8.4948,39.65,7.2301,9.4296,28.355,8.3794,0.08548,3.4517,0.079306,3.1764,0.10191,3.1238,0.10827,0.032743
7.3219,17.443,4.4489,8.4789,41.088,7.1982,9.4305,28.145,8.3561,0.087617,3.3572,0.08169,3.152,0.10385,3.0751,0.10974,0.035518
7.3901,17.854,4.4917,8.5606,38.655,7.2395,9.5243,30.688,8.4151,0.089053,3.2214,0.083207,3.0695,0.105,3.0001,0.10776,0.03261
7.4387,17.586,4.528,8.5605,38.351,7.2161,9.5853,31.486,8.4444,0.088344,3.1631,0.082365,3.0876,0.10422,2.9747,0.10819,0.034107
7.5251,18.307,4.5963,8.6418,41.315,7.277,9.6902,29.983,8.5253,0.08639,3.2144,0.080323,3.1517,0.10317,3.0338,0.10753,0.034408
7.5976,18.212,4.6616,8.6523,40.24,7.2473,9.7564,29.639,8.5605,0.084265,3.337,0.078549,3.1881,0.10163,3.0661,0.10794,0.033922
7.6476,18.913,4.701,8.6946,39.408,7.2574,9.8339,30.275,8.6216,0.085176,3.4388,0.078969,3.1906,0.10224,3.1003,0.10841,0.033802
7.7082,19.037,4.7514,8.7209,39.397,7.2478,9.9355,30.573,8.6909,0.087592,3.437,0.081513,3.1687,0.10437,3.0957,0.10717,0.033026
7.7762,18.178,4.8017,8.815,39.53,7.3184,10.009,29.715,8.7385,0.089753,3.3183,0.083533,3.0944,0.10626,3.0165,0.10709,0.034526
7.8287,19.113,4.8614,8.7953,40.068,7.2625,10.08,30.904,8.7891,0.090156,3.174,0.084227,3.0413,0.10708,2.9823,0.10881,0.033294
7.9051,19.572,4.9165,8.8871,39.938,7.3249,10.148,30.684,8.8178,0.08899,3.1779,0.082865,3.1087,0.10638,3.0108,0.10917,0.036412
7.9574,19.19,4.9673,8.8967,41.093,7.3035,10.229,30.153,8.872,0.08641,3.2442,0.080259,3.112,0.10402,3.0135,0.10769,0.03425
8.0241,20.089,5.0228,8.9694,41.039,7.351,10.289,31.804,8.9021,0.085986,3.3807,0.079709,3.1563,0.10402,3.0781,0.10663,0.033064
8.1105,20.908,5.1009,9.0084,41.742,7.3587,10.425,30.868,9.0109,0.087959,3.4796,0.081419,3.1583,0.10588,3.1206,0.10781,0.033691
8.2301,20.9,5.1878,9.0929,41.334,7.4019,10.545,32.271,9.0963,0.090779,3.3828,0.084325,3.1179,0.1084,3.0744,0.10918,0.035096
8.2905,20.746,5.2471,9.1086,41.614,7.3968,10.575,30.906,9.0935,0.092254,3.2643,0.085963,3.057,0.10982,2.9903,0.10968,0.036011
8.3675,22.32,5.6491,8.5982,37.693,7.7136,9.7954,26.941,9.1051,0.091373,3.3205,0.086107,3.14,0.11208,3.0845,0.11104,0.039251
8.5367,22.054,5.717,8.5379,39.868,7.6611,10.145,31.244,9.4542,0.094816,3.3551,0.089789,3.1395,0.1141,3.081,0.11181,0.037867
8.6157,21.764,5.7757,8.5923,42.17,7.6793,10.267,30.204,9.5581,0.097402,3.2214,0.092196,3.08,0.11664,3.0199,0.11236,0.037668
8.6726,22.622,5.8305,8.6204,40.337,7.6732,10.348,30.402,9.6163,0.098319,3.1468,0.093325,3.0606,0.11721,2.9974,0.11043,0.034957
8.7594,22.357,5.88,8.6933,41.375,7.6933,10.477,28.557,9.7159,0.098115,3.1563,0.092598,3.0781,0.11743,3.0384,0.11174,0.03728
8.8417,23.05,5.9574,8.7556,40.853,7.7298,10.613,30.132,9.8257,0.097399,3.2135,0.091531,3.0696,0.11701,3.0667,0.11094,0.038864
8.9245,23.056,6.0251,8.7638,43.236,7.708,10.712,30.115,9.901,0.096629,3.2809,0.090898,3.107,0.11619,3.1062,0.1112,0.037548
9.0127,23.29,6.0958,8.8176,41.81,7.7319,10.841,31.07,10.004,0.097464,3.3615,0.091814,3.1401,0.1173,3.1278,0.11199,0.03617
9.118,23.546,6.1755,8.8527,42.062,7.7362,10.935,31.126,10.068,0.098084,3.2885,0.092136,3.0766,0.11795,3.0952,0.11214,0.036518
9.1746,23.675,6.2326,8.9079,41.295,7.7724,10.987,31.095,10.1,0.098733,3.2495,0.093518,3.0744,0.11744,3.0469,0.11183,0.034528
9.2544,23.461,6.2948,8.9833,43.795,7.8302,11.097,32.584,10.181,0.1001,3.1799,0.094383,3.0497,0.11942,3.0305,0.11253,0.035127
9.3555,23.52,6.3851,9.0038,41.865,7.8119,11.222,32.469,10.28,0.099459,3.1657,0.093844,3.0749,0.1191,3.0692,0.11228,0.03807
9.4175,23.948,6.4333,9.0403,41.69,7.8148,11.312,31.956,10.347,0.096801,3.2223,0.091235,3.0904,0.11634,3.0875,0.11357,0.036529
9.4527,23.295,6.4688,9.0936,42.581,7.8497,11.368,32.168,10.379,0.095776,3.3914,0.08993,3.1658,0.11509,3.1616,0.11264,0.037719
9.5532,24.101,6.5519,9.0755,41.321,7.7925,11.437,31.565,10.425,0.095272,3.3608,0.089418,3.1095,0.11517,3.1283,0.11144,0.037752
9.6403,24.853,6.6289,9.1193,43.663,7.8237,11.551,32.721,10.515,0.096845,3.2946,0.091708,3.1049,0.11723,3.0641,0.1111,0.036878
9.8025,24.165,6.7674,9.1791,42.449,7.8298,11.714,33.134,10.651,0.098333,3.2297,0.093429,3.0726,0.1181,3.0568,0.1131,0.036514
9.8627,24.817,6.8182,9.2739,42.586,7.8948,11.777,32.937,10.684,0.098232,3.1609,0.093391,3.0396,0.11766,3.0248,0.11338,0.03759
9.9696,25.235,6.9131,9.3059,41.999,7.9172,11.895,33.164,10.776,0.099189,3.1664,0.093974,3.1047,0.11938,3.0893,0.11195,0.037212
10.029,25.493,6.9851,9.3015,43.199,7.8802,11.952,32.488,10.814,0.096186,3.2447,0.09141,3.118,0.11671,3.1385,0.11269,0.036091
10.157,25.079,7.0813,9.3969,43.661,7.9405,12.111,33.073,10.945,0.096525,3.324,0.091049,3.1485,0.1179,3.1947,0.11449,0.034645
10.248,25.258,7.1691,9.3822,43.29,7.8788,12.192,33.895,10.997,0.096273,3.3412,0.091039,3.1129,0.11757,3.1524,0.11628,0.037135
10.269,25.515,7.179,9.4349,45.203,7.9244,12.239,34.224,11.019,0.096769,3.3589,0.091724,3.1219,0.11758,3.1321,0.11302,0.034629
10.435,25.642,7.3332,9.4886,44.21,7.9276,12.375,34.694,11.121,0.099576,3.2238,0.094128,3.0263,0.12029,3.0658,0.11537,0.035085
10.538,26.386,7.4208,9.5672,43.098,7.969,12.517,33.904,11.249,0.099378,3.1924,0.094318,3.043,0.11939,3.0763,0.1149,0.036345
10.589,26.251,7.4765,9.5537,42.818,7.9338,12.53,33.653,11.228,0.098267,3.2339,0.093063,3.1177,0.11947,3.1209,0.11438,0.036733
10.737,26.605,7.6046,9.6074,43.57,7.9368,12.669,34.801,11.339,0.096121,3.276,0.091115,3.1069,0.11725,3.16,0.11539,0.036186
10.77,26.897,7.6501,9.6435,44.714,7.9438,12.647,33.962,11.292,0.095368,3.3561,0.090435,3.1523,0.11709,3.1648,0.11556,0.035362
10.809,26.444,7.6899,9.683,43.584,7.9775,12.693,33.924,11.315,0.098897,3.3451,0.093102,3.1177,0.12166,3.1331,0.11526,0.034354
10.934,27.127,7.8069,9.7512,44.398,8.0219,12.755,36.013,11.336,0.099987,3.3455,0.094447,3.0751,0.12221,3.1096,0.11397,0.034552
11.034,28.313,7.891,9.7878,45.5,7.9911,12.796,35.136,11.346,0.099767,3.225,0.094365,3.0428,0.12099,3.1046,0.11723,0.035196
11.152,27.313,8.0132,9.8364,44.675,8.0193,12.915,34.777,11.434,0.10049,3.2181,0.094922,3.0585,0.12217,3.1182,0.11593,0.035092
9.7664,24.994,7.2521,8.3857,38.835,7.1665,10.777,31.191,10.195,0.090048,3.2528,0.08575,3.0538,0.10581,3.1118,0.1217,0.038887
10.043,24.897,7.4162,8.5513,43.398,7.3338,11.252,32.285,10.66,0.09475,3.1638,0.090251,3.0721,0.10993,3.108,0.1223,0.037277
10.247,26.587,7.5893,8.7098,40.39,7.4372,11.496,32.93,10.878,0.096011,3.1284,0.09112,3.068,0.11073,3.1128,0.12379,0.038491
10.358,26.529,7.7068,8.7744,42.938,7.4488,11.62,32.891,10.978,0.094023,3.0983,0.089514,3.0958,0.10886,3.1417,0.12127,0.037357
10.545,27.176,7.8563,8.8801,42.963,7.5388,11.862,33.643,11.194,0.093359,3.1393,0.088902,3.1037,0.10856,3.221,0.11995,0.033961
10.654,26.952,7.9723,8.9462,40.831,7.562,11.919,31.871,11.229,0.09248,3.2322,0.087161,3.1443,0.10738,3.2396,0.12037,0.036767
10.765,27.331,8.0619,8.999,40.79,7.5705,12.011,32.402,11.293,0.091988,3.3809,0.086436,3.1297,0.10717,3.2471,0.12072,0.035844
10.976,27.315,8.2439,9.1217,43.481,7.6715,12.29,34.384,11.546,0.0939,3.3748,0.088164,3.1022,0.1086,3.1907,0.11981,0.034078
11.157,27.998,8.4012,9.247,42.947,7.73,12.493,34.218,11.725,0.093951,3.3412,0.088612,3.0939,0.10853,3.1383,0.12227,0.032967
11.306,28.914,8.5365,9.2962,43.638,7.7511,12.614,35.594,11.817,0.095573,3.1775,0.090637,3.0356,0.10989,3.1251,0.1202,0.032718
11.521,29.338,8.7173,9.4343,43.765,7.8348,12.818,35.499,11.988,0.095107,3.1503,0.09019,3.0417,0.10944,3.167,0.12369,0.03383
11.678,29.475,8.855,9.5009,43.415,7.8751,13.031,35.569,12.179,0.09507,3.1544,0.089834,3.0722,0.10942,3.1997,0.12217,0.032967
11.888,29.927,9.0184,9.6182,43.097,7.9412,13.288,36.824,12.409,0.093499,3.2014,0.08845,3.0953,0.1084,3.3208,0.12365,0.031191
12.016,29.866,9.149,9.7023,42.372,7.9848,13.468,36.215,12.566,0.093673,3.3415,0.088325,3.1117,0.10828,3.3479,0.12467,0.032728
12.18,29.618,9.2792,9.7871,45.908,8.0713,13.621,35.754,12.692,0.094414,3.3675,0.088949,3.0792,0.10887,3.2042,0.12577,0.035576
12.283,30.884,9.3975,9.7993,43.961,8.0437,13.679,36.14,12.723,0.095221,3.4022,0.089589,3.092,0.10928,3.214,0.12386,0.033888
12.525,31.508,9.593,9.902,44.302,8.1081,13.923,36.627,12.94,0.095864,3.2853,0.090373,3.0468,0.11072,3.2255,0.12393,0.033358
12.704,31.14,9.7552,10.045,43.679,8.1763,14.076,38.066,13.061,0.10093,3.1411,0.094959,3.0257,0.11585,3.2094,0.1236,0.032333
12.985,32.353,10,10.158,45.495,8.2488,14.387,37.823,13.344,0.099969,3.1405,0.094557,3.0524,0.11457,3.2711,0.12299,0.033152
13.147,32.942,10.145,10.241,44.809,8.3076,14.532,36.893,13.467,0.099231,3.1551,0.093704,3.1297,0.1147,3.3631,0.12174,0.030019
13.261,33.618,10.252,10.342,44.656,8.355,14.635,38.288,13.545,0.098263,3.3579,0.092235,3.1557,0.1132,3.4724,0.12126,0.030203
13.469,34.604,10.436,10.416,46.327,8.4127,14.826,39.056,13.709,0.099105,3.3983,0.093446,3.1063,0.11448,3.3974,0.12057,0.029296
13.524,34.35,10.502,10.46,45.017,8.3861,14.832,40.097,13.69,0.098761,3.4392,0.093732,3.0958,0.11362,3.3113,0.12407,0.029303
13.581,34.367,10.572,10.482,45.394,8.4142,14.846,38.656,13.683,0.10028,3.2895,0.095173,3.0494,0.11588,3.2823,0.12477,0.031708
13.692,33.363,10.664,10.49,45.325,8.3996,14.875,38.111,13.69,0.10289,3.177,0.09741,3.0661,0.11828,3.3427,0.12127,0.029868
13.924,34.246,10.867,10.576,45.766,8.4632,15.127,38.707,13.916,0.10289,3.1237,0.097355,3.0661,0.11888,3.3412,0.11951,0.030088
14.143,34.596,11.059,10.663,46.184,8.5213,15.327,38.563,14.085,0.10253,3.1478,0.096734,3.1029,0.11911,3.443,0.11711,0.030907
14.357,35.083,11.206,10.796,45.155,8.6001,15.567,39.874,14.282,0.10232,3.286,0.09559,3.0994,0.11854,3.5385,0.11583,0.027172
14.514,34.926,11.396,10.855,46.101,8.6262,15.608,39.512,14.309,0.10412,3.3159,0.098157,3.1347,0.11982,3.4167,0.11412,0.0313
14.825,36.706,11.677,11.032,44.969,8.7425,15.896,40.861,14.557,0.10419,3.3675,0.099167,3.127,0.11974,3.3835,0.11346,0.028685
15.047,36.399,11.865,11.128,46.339,8.8249,16.1,40.444,14.735,0.10959,3.4203,0.10329,3.0892,0.12484,3.3122,0.11084,0.029324
15.042,36.489,11.875,11.144,47.651,8.8054,16.071,42.305,14.688,0.10955,3.2467,0.10494,3.0371,0.12381,3.2291,0.11051,0.028851
14.979,42.102,12.054,9.9854,43.542,8.7123,14.517,38.447,13.721,0.10594,3.3203,0.096558,3.1216,0.12877,3.2902,0.12314,0.030066
15.032,42.081,12.092,9.9153,46.119,8.7012,14.828,39.187,14.028,0.11032,3.3603,0.098941,3.0815,0.1313,3.1637,0.11599,0.030324
15.118,42.676,12.177,9.9987,45.395,8.7639,14.939,39.946,14.124,0.10972,3.38,0.099006,3.1387,0.12973,3.2304,0.11805,0.030532
15.246,42.921,12.295,10.086,45.633,8.8076,14.992,39.914,14.148,0.10899,3.4456,0.098852,3.2248,0.12843,3.3251,0.11952,0.030421
15.592,42.195,12.582,10.31,47.129,8.989,15.416,41.899,14.545,0.10812,3.4698,0.098443,3.2299,0.12693,3.322,0.11927,0.029119
15.729,43.247,12.705,10.362,48.611,8.9998,15.481,41.239,14.578,0.10505,3.5693,0.097411,3.2249,0.12426,3.3994,0.12038,0.030517
15.87,44.076,12.823,10.441,45.971,9.0678,15.614,40.72,14.694,0.10644,3.5946,0.098814,3.194,0.12588,3.3678,0.12116,0.030317
16.092,44.381,13.023,10.535,46.503,9.1221,15.863,41.662,14.91,0.10842,3.5957,0.10124,3.1888,0.1268,3.3538,0.11949,0.032082
16.408,44.792,13.289,10.643,46.863,9.1849,16.128,42.824,15.139,0.11009,3.4786,0.10324,3.1232,0.12779,3.3051,0.12068,0.031301
16.42,44.411,13.3,10.687,48.77,9.2195,16.126,43.907,15.124,0.10852,3.4047,0.10185,3.1196,0.12872,3.3124,0.11631,0.029122
16.617,46.866,13.482,10.668,49.019,9.1749,16.239,45.291,15.209,0.10772,3.4524,0.1022,3.2133,0.12775,3.2915,0.1172,0.03006
16.975,46.774,13.791,10.856,51.047,9.3478,16.648,46.694,15.589,0.10857,3.4007,0.10336,3.199,0.12907,3.3162,0.11698,0.029843
17.151,49.85,13.935,10.947,49.312,9.4019,16.779,45.479,15.696,0.10629,3.5721,0.10136,3.2365,0.12796,3.4058,0.1182,0.0296
17.328,46.723,14.104,10.986,49.938,9.4129,16.89,47.08,15.781,0.10729,3.7034,0.1024,3.2076,0.12993,3.3962,0.11702,0.031463
17.458,46.781,14.221,11.012,50.413,9.4165,16.988,46.747,15.862,0.10549,3.485,0.10179,3.0821,0.12897,3.3053,0.11546,0.030072
17.762,47.193,14.492,11.167,49.055,9.5309,17.309,47.839,16.146,0.10892,3.4412,0.10547,3.0386,0.13315,3.2959,0.11613,0.029888
18.174,48.459,14.824,11.353,49.112,9.6611,17.772,46.604,16.568,0.11035,3.329,0.10697,3.0198,0.13431,3.2413,0.11595,0.029629
18.447,48.62,15.062,11.442,52.064,9.7322,18.026,48.173,16.798,0.11224,3.3369,0.10832,3.1038,0.13733,3.3745,0.11851,0.027563
18.708,49.611,15.294,11.568,52.753,9.8125,18.222,48.869,16.962,0.11262,3.476,0.10749,3.1397,0.13716,3.4357,0.12277,0.029394
18.86,49.582,15.442,11.574,53.421,9.796,18.375,49.732,17.094,0.11238,3.5075,0.10704,3.1483,0.13743,3.4483,0.12045,0.030717
19.182,51.348,15.722,11.742,52.805,9.9164,18.679,50.2,17.36,0.11414,3.6528,0.10841,3.1296,0.13913,3.5229,0.12357,0.02859
19.325,51.753,15.863,11.845,53.36,10.002,18.825,49.416,17.484,0.11571,3.6538,0.10995,3.0749,0.13979,3.4443,0.1236,0.027199
19.634,53.394,16.138,11.992,54.202,10.114,19.097,52.685,17.73,0.11895,3.5459,0.11337,3.0529,0.14333,3.4846,0.12624,0.028223
19.811,52.593,16.308,12.006,52.953,10.089,19.255,50.896,17.865,0.12096,3.4338,0.11458,3.019,0.14466,3.4121,0.1271,0.028473
20.163,54.578,16.612,12.172,53.961,10.201,19.613,52.273,18.192,0.12089,3.3944,0.11496,3.0952,0.14528,3.4903,0.1281,0.029415
20.335,53.415,16.772,12.242,53.159,10.252,19.741,51.542,18.294,0.1196,3.4434,0.11412,3.0912,0.14413,3.4885,0.12856,0.028182
20.496,53.291,16.901,12.306,54.857,10.296,19.909,52.175,18.429,0.1146,3.6046,0.11118,3.1202,0.13949,3.4296,0.12076,0.028456
20.821,56.266,17.194,12.44,54.673,10.413,20.182,53.61,18.677,0.11565,3.7307,0.1131,3.1613,0.14023,3.527,0.12202,0.026654
21.177,55.863,17.512,12.599,56.813,10.52,20.449,53.431,18.912,0.11672,3.5376,0.11462,3.0528,0.13988,3.3644,0.12735,0.02855
21.455,55.239,17.761,12.697,56.132,10.606,20.695,53.838,19.123,0.11998,3.4602,0.11804,3.0455,0.14418,3.3697,0.12504,0.02923
21.824,55.803,18.089,12.813,56.182,10.663,21.033,55.615,19.438,0.11851,3.4405,0.11844,3.0568,0.14242,3.3858,0.12314,0.029188
22.156,58.199,18.387,12.969,56.401,10.78,21.291,56.261,19.66,0.11811,3.511,0.11813,3.0785,0.14169,3.5032,0.12329,0.029299
22.192,58.537,18.706,12.129,53.765,10.754,20.019,53.714,18.908,0.13073,3.5203,0.12714,3.1035,0.15331,3.4494,0.11521,0.029902
22.834,61.084,19.213,12.474,55.28,10.998,20.839,55.008,19.698,0.12872,3.5583,0.12699,3.0739,0.15317,3.4142,0.12042,0.029796
23.201,63.66,19.55,12.654,55.7,11.122,21.133,55.029,19.962,0.12824,3.4499,0.1271,3.0115,0.15303,3.3999,0.12224,0.028807
23.343,62.46,19.671,12.696,57.635,11.157,21.225,55.933,20.028,0.12684,3.431,0.12659,3.0191,0.15383,3.3954,0.11909,0.028337
23.747,62.008,20.034,12.876,57.415,11.276,21.579,58.379,20.349,0.12931,3.3582,0.12776,3.0635,0.15654,3.4367,0.12044,0.029564
23.961,62.985,20.239,12.942,58.566,11.318,21.777,57.888,20.525,0.12664,3.4027,0.12671,3.0722,0.1551,3.5388,0.12026,0.029846
24.298,64.249,20.538,13.071,60.163,11.411,22.045,60.312,20.763,0.12537,3.5751,0.12539,3.1427,0.15422,3.5518,0.12136,0.031949
24.631,65.634,20.846,13.2,59.164,11.531,22.388,58.965,21.088,0.12777,3.545,0.12768,3.0826,0.15844,3.532,0.12153,0.031032
25.078,68.657,21.251,13.399,59.559,11.678,22.656,59.001,21.311,0.13086,3.4875,0.13006,3.0601,0.16055,3.4713,0.1225,0.03259
25.321,66.49,21.495,13.5,59.545,11.741,22.848,59.643,21.48,0.13287,3.4304,0.13161,3.07,0.16178,3.5312,0.12193,0.032905
25.602,68.229,21.766,13.605,60.338,11.808,23.006,59.701,21.609,0.13382,3.4869,0.13225,3.1121,0.1618,3.5007,0.12104,0.031617
25.699,70.254,21.881,13.571,59.459,11.761,22.944,60.745,21.525,0.13258,3.5198,0.13121,3.1749,0.16196,3.6045,0.12017,0.032988
26.162,69.04,22.304,13.759,60.573,11.902,23.34,61.077,21.889,0.13402,3.6953,0.13238,3.1693,0.16328,3.6374,0.11964,0.030404
26.455,70.947,22.595,13.842,59.712,11.966,23.485,61.17,22.007,0.13503,3.535,0.13398,3.1163,0.16517,3.5153,0.11953,0.032582
26.687,70.846,22.816,13.898,61.374,11.994,23.63,60.59,22.128,0.13805,3.5084,0.13672,3.0912,0.1685,3.5545,0.12008,0.033637
26.718,68.939,22.893,13.922,61.214,11.999,23.483,62.562,21.969,0.13923,3.386,0.13843,3.1062,0.16969,3.436,0.12023,0.033224
26.884,72.292,23.054,13.968,62.594,12.005,23.444,61.426,21.903,0.13723,3.4784,0.13691,3.2097,0.16757,3.5772,0.12043,0.034171
27.082,74.196,23.266,14.038,62.28,12.07,23.575,62.151,22.017,0.13566,3.567,0.13633,3.2253,0.16656,3.5972,0.11832,0.032644
27.339,71.829,23.524,14.123,60.272,12.113,23.648,61.222,22.059,0.1359,3.5637,0.13559,3.1568,0.16666,3.5986,0.12065,0.034463
27.44,71.469,23.65,14.144,63.675,12.124,23.73,61.007,22.136,0.13652,3.5748,0.13787,3.1435,0.16672,3.5328,0.1191,0.03439
27.786,73.32,23.972,14.249,61.48,12.207,23.92,63.199,22.299,0.13579,3.5149,0.13845,3.101,0.16525,3.5045,0.11923,0.034646
27.983,73.776,24.166,14.247,60.279,12.191,23.958,61.481,22.314,0.13502,3.4834,0.13723,3.1733,0.16384,3.5424,0.12022,0.034574
28.43,74.011,24.589,14.462,61.78,12.366,24.227,64.105,22.539,0.1357,3.5676,0.13826,3.2573,0.16523,3.6304,0.12139,0.035788
28.73,77.062,24.878,14.549,63.525,12.435,24.325,64.38,22.603,0.13567,3.5856,0.1376,3.2022,0.16437,3.5959,0.12154,0.035767
29.209,76.02,25.322,14.767,61.971,12.629,24.678,64.4,22.921,0.13892,3.6729,0.14015,3.1889,0.16725,3.5902,0.12187,0.034332
29.504,75.165,25.544,14.818,64.156,12.642,25.022,64.07,23.227,0.13949,3.5443,0.14109,3.0519,0.16716,3.4589,0.12062,0.034637
29.675,76.968,25.764,14.914,63.375,12.748,25.037,67.176,23.235,0.14167,3.6024,0.14325,3.1306,0.17062,3.5673,0.12057,0.035603
30.126,78.577,26.202,15.104,64.569,12.884,25.309,64.327,23.475,0.14212,3.5306,0.1432,3.1964,0.16958,3.5484,0.1217,0.035534
30.547,78.852,26.592,15.284,64.207,13.026,25.634,65.685,23.769,0.14198,3.6107,0.14276,3.1912,0.17063,3.6318,0.12279,0.035707
30.997,81.223,26.991,15.501,68.062,13.184,25.976,67.585,24.066,0.15644,3.7575,0.1491,3.2231,0.18635,3.7254,0.13042,0.036464
31.254,80.957,27.209,15.554,65.921,13.183,26.042,69.018,24.099,0.15108,3.6793,0.14779,3.1508,0.17911,3.6374,0.12384,0.037085
31.646,81.575,27.583,15.728,66.997,13.306,26.324,67.911,24.346,0.15696,3.6582,0.15252,3.163,0.18459,3.5892,0.1237,0.035512
32.825,76.584,24.762,13.535,51.061,12.096,22.158,56.655,20.711,0.15265,3.578,0.14287,3.3013,0.17648,3.7263,0.10971,0.03223
36.438,82.406,25.778,14.164,57.02,12.644,23.325,59.599,21.823,0.15294,3.4829,0.144,3.244,0.17656,3.6999,0.11902,0.034133
39.568,88.095,26.423,14.433,57.334,12.903,24.069,62.987,22.526,0.15556,3.4451,0.14586,3.2146,0.17881,3.5654,0.11855,0.033016
42.371,92.345,26.728,14.501,55.215,12.979,24.351,60.734,22.784,0.15568,3.4126,0.14638,3.1858,0.17967,3.6255,0.1164,0.033285
45.471,95.823,27.28,14.679,57.755,13.147,24.915,63.55,23.314,0.15803,3.4223,0.14752,3.1797,0.181,3.6505,0.11849,0.033789
48.705,100.84,27.959,14.994,60.054,13.43,25.498,62.829,23.835,0.16197,3.4645,0.1499,3.1156,0.18498,3.5854,0.117,0.033283
51.504,103.87,28.287,15.065,59.975,13.521,25.69,64.748,24.021,0.16134,3.4755,0.1493,3.1127,0.18397,3.5824,0.11916,0.033067
54.356,107.95,28.65,15.197,60.483,13.636,25.866,64.448,24.164,0.16221,3.5458,0.14906,3.1081,0.18454,3.6135,0.121,0.033867
57.387,113.12,29.224,15.401,59.717,13.835,26.188,64.227,24.436,0.16356,3.4909,0.15049,3.1711,0.18678,3.6624,0.12038,0.034594
60.138,116.36,29.548,15.541,61.06,13.958,26.331,65,24.544,0.16519,3.5127,0.15114,3.146,0.18742,3.5982,0.12143,0.03328
62.921,121.88,29.891,15.702,60.885,14.108,26.601,65.78,24.782,0.16811,3.5988,0.15193,3.1224,0.18932,3.6788,0.12006,0.032743
65.541,123.44,30.117,15.73,60.945,14.134,26.791,67.049,24.949,0.16864,3.5509,0.15257,3.1595,0.1905,3.6292,0.12215,0.03378
68.191,127.86,30.417,15.819,60.988,14.218,26.947,66.892,25.076,0.16979,3.5225,0.15321,3.1824,0.19145,3.6427,0.12416,0.033412
70.796,130.18,30.758,15.967,61.008,14.365,27.184,68.231,25.276,0.17365,3.5638,0.1545,3.1693,0.19523,3.6611,0.12321,0.033576
73.323,135.43,31.104,16.135,64.603,14.518,27.516,70.056,25.585,0.17449,3.6256,0.1546,3.1932,0.19499,3.6869,0.12498,0.033931
75.686,138.25,31.322,16.155,63.011,14.56,27.633,68.318,25.685,0.17346,3.6845,0.15413,3.1851,0.19235,3.6801,0.12374,0.033039
78.363,142.1,32.024,16.416,60.435,14.811,28.091,68.569,26.096,0.1697,3.6405,0.15456,3.1926,0.18928,3.7283,0.12415,0.033219
80.781,146.24,32.409,16.571,62.876,14.938,28.483,70.215,26.452,0.169,3.6486,0.1538,3.1234,0.18588,3.7,0.12229,0.032168
83.035,148.58,32.667,16.589,62.17,14.949,28.507,68.768,26.454,0.16749,3.6094,0.15473,3.2036,0.18415,3.7397,0.12348,0.03374
85.376,153.62,33.127,16.736,63.793,15.081,28.822,71.368,26.729,0.1724,3.6547,0.15645,3.192,0.18913,3.7018,0.12456,0.033054
87.726,152.4,33.488,16.894,63.744,15.213,29.1,73.992,26.952,0.17434,3.6925,0.15673,3.1399,0.18945,3.6511,0.12459,0.03103
89.422,152.3,33.463,16.743,63.2,15.089,28.665,70.75,26.518,0.17353,3.7128,0.15612,3.1866,0.18868,3.6989,0.1246,0.035302
91.727,159.02,34.142,16.953,62.496,15.29,29.035,71.044,26.841,0.17285,3.7533,0.15719,3.1966,0.1874,3.7764,0.12341,0.03425
93.942,161.22,34.764,17.164,66.798,15.485,29.308,70.808,27.062,0.17152,3.7009,0.15749,3.1832,0.1838,3.7034,0.12206,0.034493
95.77,161.48,34.907,17.156,64.532,15.486,29.013,72.154,26.728,0.16857,3.7018,0.15711,3.1437,0.17904,3.6955,0.12322,0.034911
97.952,166.45,35.64,17.387,64.837,15.715,29.474,74.663,27.139,0.16953,3.7429,0.15815,3.1523,0.18012,3.6999,0.12259,0.03569
99.838,167.34,35.985,17.474,65.906,15.795,29.481,71.266,27.111,0.16824,3.699,0.15903,3.1743,0.17831,3.7645,0.12274,0.035578
100.6,167.36,34.988,17.08,63.944,15.439,28.201,70.739,25.852,0.17326,3.7343,0.15931,3.2803,0.18546,3.7766,0.12589,0.035055
102.08,171,35.003,16.937,64.584,15.31,27.954,72.873,25.579,0.18073,3.745,0.16218,3.2993,0.19222,3.6953,0.12727,0.037341
103.8,173.89,35.247,16.987,66.027,15.364,27.948,73.806,25.528,0.18664,3.7246,0.16436,3.2817,0.19782,3.676,0.12832,0.034964
105.34,178.4,35.44,16.963,64,15.335,27.814,69.823,25.378,0.18192,3.7242,0.16384,3.2617,0.1917,3.6181,0.12554,0.037308
107.12,178.1,35.749,17.077,63.759,15.431,28.076,69.396,25.593,0.17897,3.5247,0.16387,3.253,0.18842,3.5051,0.1253,0.034355
37.605,93.958,33.784,16.1,57.731,14.69,24.92,62.816,23.024,0.17684,3.7522,0.1666,3.4347,0.18338,3.7219,0.10979,0.032429
38.469,92.639,34.474,16.398,61.018,14.951,25.713,67.619,23.788,0.16954,3.6045,0.16574,3.3576,0.17516,3.4907,0.11066,0.032979
39.033,94.924,34.986,16.588,60.311,15.114,26.423,71.323,24.497,0.16942,3.5593,0.16758,3.3244,0.17643,3.5684,0.10966,0.033612
39.615,95.185,35.521,16.857,61.25,15.338,26.997,71.085,25.05,0.17021,3.5894,0.16876,3.3066,0.17683,3.5917,0.10905,0.033744
40.464,100.11,36.308,17.109,61.04,15.557,27.705,70.611,25.726,0.16864,3.6569,0.16922,3.323,0.17748,3.6192,0.10797,0.033526
40.77,100.07,36.583,17.197,60.703,15.635,28.11,71.914,26.132,0.1678,3.5493,0.16886,3.2581,0.17698,3.5301,0.10931,0.032803
41.682,101.32,37.42,17.511,63.202,15.924,28.943,75.297,26.929,0.16692,3.5994,0.16989,3.2636,0.17644,3.5539,0.1073,0.035266
41.996,101.14,37.711,17.661,63.031,16.049,29.272,73.073,27.258,0.16713,3.6098,0.17084,3.2087,0.17654,3.5272,0.1075,0.03412
42.35,103.07,38.05,17.76,62.832,16.124,29.51,74.802,27.479,0.16597,3.5516,0.17016,3.1613,0.17459,3.4621,0.10677,0.033173
42.875,103.54,38.482,17.776,59.923,16.108,30.019,73.068,27.956,0.16979,3.4118,0.17402,3.0945,0.1764,3.3514,0.10501,0.028736
43.222,103.59,38.836,17.913,62.818,16.306,30.222,72.986,28.156,0.17373,3.5267,0.17713,3.1212,0.18071,3.4057,0.10667,0.031926
43.703,104.74,39.298,18.025,62.306,16.399,30.423,76.027,28.331,0.17359,3.5923,0.17683,3.1359,0.17966,3.4253,0.10567,0.031756
44.318,106.59,39.867,18.25,63.778,16.598,30.762,76.802,28.641,0.17475,3.5782,0.17796,3.1329,0.1809,3.4554,0.10588,0.031804
44.654,105.6,40.185,18.354,63.884,16.698,31.076,76.197,28.948,0.17889,3.6292,0.17925,3.1108,0.18265,3.4358,0.10517,0.03035
45.254,105.72,40.76,18.575,66.674,16.897,31.312,78.417,29.156,0.1763,3.5519,0.178,3.1174,0.17886,3.5003,0.10689,0.031416
45.406,108.55,40.918,18.585,67.447,16.908,31.282,77.337,29.116,0.1821,3.5846,0.1804,3.1178,0.18245,3.4816,0.1087,0.030239
45.968,109.65,41.454,18.734,68.648,17.038,31.444,77.345,29.245,0.18424,3.5188,0.18177,3.0805,0.18313,3.4207,0.10715,0.030895
46.206,110.21,41.691,18.822,67.39,17.108,31.436,77.373,29.212,0.18505,3.5506,0.1829,3.1192,0.18452,3.4973,0.10865,0.029853
46.686,112.43,42.148,18.983,68.499,17.238,31.633,79.475,29.381,0.18394,3.5501,0.1821,3.123,0.18372,3.4199,0.10828,0.028576
46.816,112.27,42.295,19.046,69.264,17.285,31.639,77.671,29.375,0.18601,3.5116,0.18377,3.1395,0.18499,3.44,0.11058,0.030163
46.988,112.92,42.455,19.109,69,17.329,31.718,77.652,29.442,0.19085,3.6259,0.18428,3.1738,0.18733,3.4877,0.11542,0.03014
46.818,112.73,42.31,18.989,69.476,17.21,31.526,78.088,29.246,0.19246,3.6293,0.18314,3.2402,0.18813,3.5557,0.11682,0.030858
47.145,111.53,42.624,19.076,69.065,17.277,31.773,77.114,29.476,0.18892,3.5768,0.18324,3.2212,0.18874,3.5638,0.11803,0.031236
47.378,112.37,42.854,19.097,69.66,17.289,31.837,77.72,29.529,0.19141,3.6724,0.1841,3.2414,0.19126,3.6092,0.12109,0.031632
48.015,114.08,43.379,19.187,65.755,17.308,32.258,78.383,29.895,0.18852,3.6178,0.18158,3.1802,0.18869,3.5041,0.12026,0.024861
47.831,113.83,43.27,19.237,69.751,17.384,31.949,77.291,29.607,0.19086,3.594,0.18263,3.2234,0.19219,3.5676,0.12536,0.030998
48.058,114.71,43.493,19.314,71.271,17.444,32.043,77.311,29.692,0.18985,3.5774,0.18015,3.2309,0.1936,3.5931,0.12654,0.032268
48.12,113.76,43.564,19.258,69.485,17.388,31.848,75.807,29.485,0.18894,3.6586,0.17865,3.1297,0.19119,3.6226,0.12954,0.030477
48.435,114.65,43.856,19.275,71.123,17.379,31.953,78.395,29.566,0.18886,3.7081,0.17743,3.1687,0.19037,3.6737,0.13232,0.03252
48.318,112.68,43.764,19.142,64.726,17.271,31.699,74.707,29.309,0.19784,3.6533,0.17994,3.2526,0.19599,3.6772,0.13388,0.035393
48.589,113.14,44.028,19.248,65.954,17.359,31.75,75.144,29.339,0.20172,3.7273,0.18272,3.3376,0.20004,3.7336,0.13532,0.032546
48.832,112.61,44.29,19.338,63.387,17.416,31.655,76.693,29.233,0.20585,3.5579,0.18431,3.2796,0.20392,3.5764,0.1349,0.031057
46.68,110.28,43.213,18.293,63.823,16.854,29.537,71.03,27.806,0.21834,3.7239,0.1879,3.3076,0.22896,3.7875,0.14757,0.032427
46.716,110.42,43.285,18.272,62.392,16.845,29.737,72.154,28.035,0.21467,3.5833,0.18731,3.3926,0.22654,3.6885,0.149,0.039972
47.02,113.7,43.568,18.334,66.686,16.915,29.994,72.412,28.273,0.21459,3.5936,0.1865,3.3973,0.22554,3.7492,0.14789,0.03816
47.72,113.53,44.165,18.525,66.533,17.08,30.37,73.159,28.584,0.21367,3.5576,0.18864,3.3005,0.22535,3.7266,0.14856,0.03331
48.452,115.11,44.861,18.785,67.707,17.315,30.774,72.763,28.949,0.21061,3.5164,0.18685,3.307,0.22016,3.6589,0.15159,0.034498
48.686,112.8,45.091,18.883,65.786,17.4,30.981,72.697,29.143,0.20619,3.4694,0.18505,3.2986,0.21629,3.7464,0.15195,0.033339
49.279,115.81,45.648,19.121,70.664,17.623,31.36,72.84,29.494,0.20605,3.5785,0.18695,3.2956,0.21507,3.746,0.15225,0.036174
49.79,115.69,46.159,19.287,67.097,17.757,31.8,73.635,29.908,0.2077,3.5427,0.1898,3.2513,0.21683,3.6637,0.15473,0.034878
50.016,115.59,46.384,19.347,71.29,17.779,31.83,74.468,29.914,0.20366,3.5269,0.18947,3.1674,0.21422,3.7211,0.16214,0.034663
49.992,116.19,46.371,19.345,69.175,17.753,31.751,74.747,29.827,0.20132,3.6131,0.18954,3.212,0.20859,3.7385,0.16198,0.037034
50.358,116.6,46.725,19.482,71.996,17.871,31.929,75.887,29.983,0.20196,3.6501,0.19052,3.2588,0.21084,3.715,0.16375,0.034752
50.503,117.16,46.891,19.566,73.356,17.941,31.974,75.918,30.023,0.20318,3.5584,0.19119,3.2723,0.21204,3.6102,0.16752,0.037692
51.229,118.02,47.509,19.584,66.435,17.892,32.504,75.182,30.491,0.19951,3.3787,0.18879,3.1339,0.20617,3.4644,0.17002,0.032249
51.366,119.39,47.705,19.833,73.9,18.168,32.529,76.006,30.526,0.2023,3.5403,0.19279,3.2377,0.20909,3.6235,0.17856,0.037171
51.881,123.82,48.204,20.009,77.226,18.313,32.837,75.923,30.809,0.20561,3.5051,0.1942,3.2225,0.20948,3.5911,0.18532,0.037595
51.687,124.56,48.201,19.941,78.061,18.259,32.721,77.484,30.762,0.2004,3.5497,0.19034,3.3326,0.20149,3.7143,0.17706,0.051165
49.257,123.78,46.305,23.755,106.63,22.492,31.172,76.41,29.467,0.19842,3.7236,0.18501,3.567,0.19393,4.0517,0.17397,0.070092
53.752,125.4,50.033,20.569,75.738,18.801,33.989,77.487,31.879,0.20451,3.4643,0.19507,3.1795,0.20311,3.618,0.196,0.04116
53.774,125.91,50.115,20.615,78.95,18.839,33.92,77.231,31.82,0.20338,3.4649,0.19465,3.1661,0.19802,3.7619,0.20247,0.049854
52.619,124.92,49.182,20.236,74.268,18.488,33.032,76.07,31.025,0.20143,3.4385,0.19196,3.224,0.19407,3.7508,0.20575,0.061681
50.411,125.64,47.468,24.16,104.89,22.878,31.57,77.381,29.792,0.19593,3.5534,0.18449,3.431,0.18472,3.9985,0.19411,0.078781
53.911,127.45,50.274,20.537,79.389,18.731,33.452,77.175,31.298,0.2067,3.2943,0.19956,3.0491,0.19626,3.5453,0.23153,0.045603
54.533,125.82,50.88,20.758,76.142,18.925,33.798,76.855,31.617,0.21273,3.2744,0.20294,3.0602,0.19744,3.4845,0.23978,0.042514
55.104,127.27,51.393,20.79,72.808,18.926,34.127,77.313,31.9,0.2134,3.224,0.20252,3.0058,0.19868,3.4662,0.24788,0.036435
52.352,121.78,48.927,19.942,73.797,18.191,31.809,71.852,29.735,0.20085,3.1872,0.19029,3.0235,0.19006,3.3426,0.24551,0.04339
50.257,117.77,47.092,19.121,76.285,17.546,30.035,68.019,28.07,0.20853,3.3782,0.19637,3.0593,0.20479,3.8252,0.24073,0.041728
46.854,118.64,44.347,21.98,103.07,20.593,27.957,68.886,26.313,0.2034,3.5739,0.18711,3.468,0.20096,4.1238,0.21749,0.084318
